Swimming,Mens 4x200m freestyle relay
Swimming,Mens 200m butterfly
Swimming,Mens 4x100m medley relay
Swimming,Mens 4x100m freestyle relay
Swimming,Mens 200m individual medley
Swimming,100m butterfly
Swimming,Womans 200m freestyle
Swimming,Womans 800m freestyle
Swimming,Womans 400m freestyle
Swimming,Womans 4x200m freestyle relay
Swimming,Womans 4x100m freestyle relay
Gymnastics,Womans vault
Gymnastics,Womans team all-around
Gymnastics,Womans floor exercise
Gymnastics,Womans individual all-around
Gymnastics,Womans beam
Swimming,Womans 100m backstroke
Swimming,Womans 400m individual medley
Swimming,Womans 200m individual medley
Swimming,Womans 200m backstroke
